{
    "acc_status": {
        "A11": 0.49270072992521335,
        "A12": 0.3903345724893198,
        "A14": 0.116751269035533,
        "A13": 0.22326342694215168,
        "NaN": 0.3
    },
    "credit_history": {
        "A34": 0.17064846416400264,
        "A32": 0.31886792452830187,
        "A33": 0.318161590253948,
        "A30": 0.5862590503428118,
        "A31": 0.5572726043072865,
        "NaN": 0.3
    },
    "purpose": {
        "A43": 0.22142857142897285,
        "A46": 0.43336037775514064,
        "A42": 0.32044198686874975,
        "A40": 0.3803418803010446,
        "A41": 0.16508207306444242,
        "A49": 0.3504925994959394,
        "A44": 0.31033418396241297,
        "A45": 0.33498943619261223,
        "A410": 0.3361696438684453,
        "A48": 0.2528269088346333,
        "NaN": 0.3
    },
    "savings": {
        "A65": 0.17486339841054377,
        "A61": 0.3598673300165838,
        "A63": 0.1762818516006119,
        "A64": 0.13503173078230202,
        "A62": 0.33008960960433303,
        "NaN": 0.3
    },
    "present_employment": {
        "A75": 0.25296442688104603,
        "A73": 0.3067846607669616,
        "A74": 0.22413794659018324,
        "A71": 0.369919262266929,
        "A72": 0.4069767173935525,
        "NaN": 0.3
    },
    "personal_sex_status": {
        "A93": 0.2664233576642336,
        "A92": 0.3516129032257933,
        "A91": 0.39525741268224335,
        "A94": 0.27176021385834753,
        "NaN": 0.3
    },
    "guarantors": {
        "A101": 0.29988974641675853,
        "A103": 0.1965255393781131,
        "A102": 0.42385727119963434,
        "NaN": 0.3
    },
    "properties": {
        "A121": 0.2127659574471734,
        "A122": 0.30603448275487444,
        "A124": 0.435064730422404,
        "A123": 0.30722891566265037,
        "NaN": 0.3
    },
    "other_installment_plans": {
        "A143": 0.2751842751842752,
        "A141": 0.4100711950180714,
        "A142": 0.39769001181533437,
        "NaN": 0.3
    },
    "housing": {
        "A152": 0.2608695652173913,
        "A153": 0.40739121999857875,
        "A151": 0.39106144118860015,
        "NaN": 0.3
    },
    "job_status": {
        "A173": 0.29523809523809524,
        "A172": 0.2800000003045996,
        "A174": 0.34459447147940087,
        "A171": 0.3099969817693178,
        "NaN": 0.3
    },
    "telephone": {
        "A192": 0.27970297029702973,
        "A191": 0.313758389261745,
        "NaN": 0.3
    },
    "foreign": {
        "A201": 0.3073727933541018,
        "A202": 0.13774874005657017,
        "NaN": 0.3
    }
}